timestamp,position_x,position_y,velocity_x,velocity_y,acceleration_x,acceleration_y,velocity_norm,acceleration_norm
2142.205211648,3505.985814910816,-1762.69404441614,-0.39823891742091166,-7.236660839956829,-66.86403951498147,-38.156834891058075,7.247610250828425,76.98534814602367
2142.219059968,3506.7876270999004,-1763.2269021603233,2.8047075302907025,-9.260044547992997,66.47044599670593,-108.39059485723642,9.675474632351852,127.14889399639529
2142.231374848,3507.4801244078744,-1763.4618432212162,6.1828116362129775,-10.462510973139064,87.49220493224652,-108.07160594437046,12.152830764556295,139.0480418247647
2142.23346304,3507.8035235618513,-1763.809778658559,10.094242175232864,-11.969747172228898,267.9453270614842,-174.01956301597977,15.657859766243009,319.49570671036923
2142.248132096,3508.271398664813,-1764.6736493931387,16.620238923886614,-16.402573567294546,382.28788505982453,-276.5493772373524,23.35116188795721,471.83003837598244
2142.263506944,3508.6724180727247,-1766.2786585620288,19.267613602311016,-23.20067994408688,355.0900349955024,-353.26646222697894,30.158124673061415,500.88534245620787
2142.278337024,3509.657912095304,-1768.2094817409463,22.44974111514357,-35.19834807756868,348.5010159022407,-486.0139523868271,41.748228507646296,598.048927763907
2142.288401408,3510.3085736099756,-1769.0960164891555,25.309663272720748,-41.27615094186983,344.292541268937,-501.2881454747207,48.417968684720044,608.1341618153904
2142.29091968,3510.733933872297,-1769.090184959133,28.56479359183054,-45.897960354656014,449.60539245315556,-651.6998175222296,54.06080093433187,791.7434313472158
2142.302788608,3511.3986138070395,-1769.4353415745595,31.74036093440886,-48.31472656951277,433.82914750755754,-610.7775654090362,57.807986608541654,749.1708507637785
2142.30823296,3511.9039297943777,-1770.214617271067,34.63667703754235,-50.01742618558756,449.7297383745983,-590.0221385946253,60.839479932308045,741.8779964456824
2142.317221376,3512.3559647051043,-1770.8954509026883,37.20903761639496,-52.223399773756164,437.1171663540547,-561.0234232894001,64.1232872228791,711.2093212274117
2142.321197312,3512.473615929237,-1771.2073933405281,38.954998452954584,-54.102095589248584,446.5989065454998,-565.2188469432391,66.66729821747606,720.3630530971732
2142.333488128,3512.601971846081,-1771.580394493399,39.19403050468478,-54.98752442842327,369.79380778168064,-498.4250327987211,67.52629021328364,620.6246640233377
2142.350308352,3512.5860325126223,-1771.6758378106724,35.676811418066976,-51.14493255118233,249.28093237351476,-350.2285739828901,62.35895283457945,429.88491166717813
2142.359919616,3512.7368288303255,-1771.9448953444364,35.32004330388631,-50.6334832256705,249.28093237351476,-350.2285739828901,61.73536330623365,429.88491166717813
2142.365464832,3512.8227926868035,-1772.0982759015287,34.966842870847444,-50.1271483934138,249.28093237351476,-350.2285739828901,61.11800967317131,429.88491166717813
2142.378413824,3513.0213774904873,-1772.452599789115,34.27100269771758,-49.12961814038486,249.28093237351476,-350.2285739828901,59.9017612806752,429.88491166717813
2142.388866816,3513.1793554835476,-1772.7344711892208,33.928292670740404,-48.63832195898102,249.28093237351476,-350.2285739828901,59.302743667868455,429.88491166717813
2142.393476608,3513.2476765749734,-1772.8563727359106,33.589009744033,-48.151938739391206,249.28093237351476,-350.2285739828901,58.709716231189766,429.88491166717813
2142.406395648,3513.4381257948003,-1773.1961807509501,32.92058845012674,-47.193715158477325,249.28093237351476,-350.2285739828901,57.5413928781891,429.88491166717813
2142.4222528,3513.6666793910313,-1773.6039762984242,32.265468739969215,-46.25456022682362,249.28093237351476,-350.2285739828901,56.39631915991312,429.88491166717813
2142.432137216,3513.807802661528,-1773.8557747487769,31.942814052569524,-45.792014624555385,249.28093237351476,-350.2285739828901,55.83235596831399,429.88491166717813
2142.433679872,3513.829294314045,-1773.8941211163194,31.62338591204383,-45.33409447830983,249.28093237351476,-350.2285739828901,55.27403240863085,429.88491166717813
2142.44661888,3514.009315808678,-1774.2153235177325,31.307152052923392,-44.88075353352673,249.28093237351476,-350.2285739828901,54.721292084544544,429.88491166717813
2142.449707264,3514.051549161899,-1774.2906781552547,30.994080532394158,-44.43194599819146,249.28093237351476,-350.2285739828901,54.1740791636991,429.88491166717813
2142.462515968,3514.225536751897,-1774.6011145941775,30.377298329799515,-43.54775027282745,249.28093237351476,-350.2285739828901,53.09601498834148,429.88491166717813
2142.480029952,3514.457435654242,-1775.014878986425,29.772790093036505,-42.68115004239818,249.28093237351476,-350.2285739828901,52.039404290073485,429.88491166717813
2142.492333824,3514.6193888051303,-1775.3038430408992,29.18031157018508,-41.831795156554456,249.28093237351476,-350.2285739828901,51.003820144701024,429.88491166717813
2142.510694656,3514.854934788378,-1775.7241147179936,28.599623369938396,-40.99934243293902,249.28093237351476,-350.2285739828901,49.988844123821465,429.88491166717813
2142.51961728,3514.9671105428893,-1775.9242637157713,28.31362713623901,-40.589349008609624,249.28093237351476,-350.2285739828901,49.48895568258325,429.88491166717813
2142.533938432,3515.145177600074,-1776.2419789224853,27.750185956227853,-39.78162096333829,249.28093237351476,-350.2285739828901,48.50412546449984,429.88491166717813
2142.551026944,3515.3526782248086,-1776.6122108167117,27.197957255698917,-38.989966706167856,249.28093237351476,-350.2285739828901,47.538893367756295,429.88491166717813
2142.56031616,3515.464102137726,-1776.8110183450951,26.925977683141927,-38.60006703910618,249.28093237351476,-350.2285739828901,47.06350443407873,429.88491166717813
2142.564451072,3515.5127952554767,-1776.8978987833764,26.656717906310508,-38.214066368715116,249.28093237351476,-350.2285739828901,46.59286938973794,429.88491166717813
2142.574102784,3515.6266271553422,-1777.10100274976,26.390150727247402,-37.83192570502796,249.28093237351476,-350.2285739828901,46.12694069584057,429.88491166717813
2142.591410688,3515.825761634295,-1777.4563073925424,25.86498672777518,-37.07907038349791,249.28093237351476,-350.2285739828901,45.209014575993336,429.88491166717813
2142.608600064,3516.0201945201165,-1777.8032232426024,25.35027349189245,-36.3411968828663,249.28093237351476,-350.2285739828901,44.30935518593107,429.88491166717813
2142.62010112,3516.149574671511,-1778.0340690946919,24.84580304940379,-35.618007064897256,249.28093237351476,-350.2285739828901,43.42759901773103,429.88491166717813
2142.631409408,3516.273484435191,-1778.2551544363828,24.597345018909753,-35.26182699424828,249.28093237351476,-350.2285739828901,42.99332302755372,429.88491166717813
2142.634339072,3516.3050069306746,-1778.3113982825328,24.351371568720655,-34.9092087243058,249.28093237351476,-350.2285739828901,42.563389797278184,429.88491166717813
2142.646267904,3516.4327917124933,-1778.5393976048795,24.107857853033448,-34.56011663706274,249.28093237351476,-350.2285739828901,42.137755899305404,429.88491166717813
2142.650544128,3516.477876559121,-1778.6198400044586,23.866779274503113,-34.21451547069211,249.28093237351476,-350.2285739828901,41.716378340312346,429.88491166717813
2142.660294656,3516.5805381295927,-1778.8030133695925,23.628111481758083,-33.872370315985194,249.28093237351476,-350.2285739828901,41.29921455690923,429.88491166717813
2142.664671488,3516.6257418646405,-1778.8836678952077,23.391830366940503,-33.53364661282534,249.28093237351476,-350.2285739828901,40.886222411340135,429.88491166717813
2142.679106816,3516.7735130456717,-1779.1473278448354,22.926332942638386,-32.866327045230115,249.28093237351476,-350.2285739828901,40.072586585354465,429.88491166717813
2142.688504576,3516.868749444653,-1779.317252886937,22.697069613212,-32.53766377477781,249.28093237351476,-350.2285739828901,39.67186071950092,429.88491166717813
2142.690764032,3516.891346667519,-1779.3575718625377,22.47009891707988,-32.21228713703003,249.28093237351476,-350.2285739828901,39.27514211230591,429.88491166717813
2142.702907648,3517.0114498085545,-1779.5718652578707,22.24539792790908,-31.89016426565973,249.28093237351476,-350.2285739828901,38.88239069118285,429.88491166717813
2142.705224192,3517.0340709341745,-1779.6122268818349,22.02294394862999,-31.571262623003133,249.28093237351476,-350.2285739828901,38.49356678427102,429.88491166717813
2142.717462272,3517.1525418215842,-1779.8236079372532,21.80271450914369,-31.2555499967731,249.28093237351476,-350.2285739828901,38.108631116428306,429.88491166717813
2142.721284096,3517.188833102678,-1779.8883604639527,21.584687364052254,-30.94299449680537,249.28093237351476,-350.2285739828901,37.727544805264024,429.88491166717813
2142.73328256,3517.302753382797,-1780.0916221223372,21.155152085507613,-30.32722890631894,249.28093237351476,-350.2285739828901,36.97676666363927,429.88491166717813
2142.748118272,3517.4405588277373,-1780.3375007599566,20.73416455900601,-29.72371705108319,249.28093237351476,-350.2285739828901,36.24092900703285,429.88491166717813
2142.75981056,3517.5473097317545,-1780.5279704968802,20.526822913415952,-29.42647988057236,249.28093237351476,-350.2285739828901,35.878519716962515,429.88491166717813
2142.765582592,3517.5939486262064,-1780.6111856980856,20.321554684281793,-29.132215081766635,249.28093237351476,-350.2285739828901,35.51973451979289,429.88491166717813
2142.774828544,3517.6817510454703,-1780.7678467011224,20.118339137438976,-28.840892930948968,249.28093237351476,-350.2285739828901,35.16453717459496,429.88491166717813
2142.780252928,3517.729912518506,-1780.8537785551282,19.917155746064587,-28.552484001639478,249.28093237351476,-350.2285739828901,34.81289180284901,429.88491166717813
2142.790066432,3517.8158170827855,-1781.007053320429,19.520804346717902,-27.98428957000685,249.28093237351476,-350.2285739828901,34.120115255972316,429.88491166717813
2142.804941824,3517.943191723914,-1781.2343208514144,19.132340340218217,-27.427402207563716,249.28093237351476,-350.2285739828901,33.44112496237847,429.88491166717813
2142.819272192,3518.0638248598175,-1781.4495598872927,18.751606767447875,-26.8815969036332,249.28093237351476,-350.2285739828901,32.775646575627135,429.88491166717813
2142.834320896,3518.187716633549,-1781.6706131305127,18.378449792775662,-26.3466531252509,249.28093237351476,-350.2285739828901,32.123411208772154,429.88491166717813
2142.846866432,3518.289054606944,-1781.8514248745498,18.194665294847905,-26.08318659399839,249.28093237351476,-350.2285739828901,31.80217709668444,429.88491166717813
2142.851355392,3518.324801321443,-1781.9152057611773,18.012718641899426,-25.822354728058407,249.28093237351476,-350.2285739828901,31.484155325717595,429.88491166717813
2142.861895424,3518.4082951995806,-1782.0641792724566,17.65426554092563,-25.308489868970046,249.28093237351476,-350.2285739828901,30.857620634735813,429.88491166717813
2142.878304768,3518.535408446918,-1782.2909804129508,17.30294565666121,-24.804850920577543,249.28093237351476,-350.2285739828901,30.243553984104572,429.88491166717813
2142.891542528,3518.636044791227,-1782.4705402789957,16.95861703809365,-24.311234387258047,249.28093237351476,-350.2285739828901,29.64170725982089,429.88491166717813
2142.90264192,3518.718807614864,-1782.6182094101414,16.789030867712714,-24.068122043385465,249.28093237351476,-350.2285739828901,29.34529018722268,429.88491166717813
2142.90651136,3527.8253354394365,-1806.5667532401308,17.282357321752894,-26.58529874270352,224.4717236379213,-315.701569961581,31.708957470020035,387.3693792611728
2142.92147328,3538.8925463402925,-1826.0840493981086,46.60753111003167,-81.69233245346703,878.9402703030994,-1531.9644798642807,94.0526402492793,1766.1968084917155
2142.931606528,3547.846972626542,-1841.8211859554992,107.34971601873822,-189.24874648689214,1392.1550039376252,-2443.0714816804475,217.57538825925076,2811.884389442224
2142.940339968,3563.565028201721,-1870.4431583633907,187.15192126460212,-331.90861659301544,2179.653823109512,-3855.1176720645435,381.0369685499311,4428.636703779195
2142.951486208,3583.13339385627,-1905.7068805889785,370.87845920787225,-663.9440298945347,4974.667277412353,-8920.131728241888,760.5080580355477,10213.523611866027
2142.95957632,3593.305983811856,-1923.9037394833686,464.1915715721461,-831.9624224624139,5676.1235538037945,-10186.40756279714,952.6989490432677,11661.10104721921
2142.974363648,3612.6613733991867,-1960.6790044598229,544.3181476702288,-979.1460021315949,5681.430108396621,-10218.755495426385,1120.2719042149697,11691.946456937894
2142.978609408,3624.477662418733,-1982.79075618964,624.6191927360949,-1130.3706347472523,7157.276388008976,-13035.216148928412,1291.466959636675,14870.893226152719
2142.992329728,3645.913895955152,-2022.4862424443804,769.1722315489866,-1403.7233638954945,8548.47554956556,-15742.209444182412,1600.6452461842164,17913.503074664826
2143.005044224,3664.418976971667,-2056.9185209567668,880.7337219343715,-1614.1378282868366,10211.525086758134,-18934.447926171368,1838.7856910632397,21512.5210718406
2143.018705408,3683.5122763800423,-2092.2177692614096,958.5953422045643,-1763.3604115021217,11118.48316518144,-20744.075792691052,2007.0737333115637,23535.87364827008
2143.03128064,3696.737073090129,-2116.343411479894,988.0141436902627,-1818.4706849758377,10317.58305178989,-19249.58668946877,2069.54284329861,21840.309241078874
2143.035369984,3703.7225510580442,-2129.5293547688175,1010.2257418838237,-1860.0774438452618,10286.394364702024,-19188.831230090516,2116.7059660393656,21772.0268464622
2143.048197632,3720.4792952974076,-2161.2813152992235,1036.8371924001544,-1913.2371275215978,9424.605776512872,-17678.012585343793,2176.1221633151317,20033.355260920554
2143.06050304,3731.7851383640245,-2182.7940754614133,1043.8051720938754,-1929.7322370189302,8623.412121502468,-16200.525268356378,2193.9452463268103,18352.663446702474
2143.064890624,3740.0007035715826,-2198.081359462993,1047.115774990343,-1939.3907229042463,8072.8109316678765,-15237.023114115811,2204.0162935696917,17243.466870631204
2143.077088256,3755.6742207862967,-2227.168309849287,1053.4407316108973,-1955.6166525350775,7148.031986466614,-13559.951542484578,2221.300039771621,15328.621826964083
2143.088280832,3766.5069537376717,-2247.25204740016,1056.800173725317,-1962.9014006868326,6556.903971206546,-12442.879018105774,2229.306734391701,14064.786807728053
2143.091788032,3773.9902805253455,-2260.578241680944,1059.6522200934373,-1967.7336356477879,6286.984709839401,-11901.751322739492,2234.913530409759,13460.232586775226
2143.102761216,3784.272648272559,-2279.116225837279,1061.7139833053247,-1969.3984389972113,5773.45798047784,-10905.758207991155,2237.3571002123713,12339.707417257094
2143.106422272,3791.8213333230506,-2292.71104503553,1062.886461242575,-1968.4142779014187,5519.671221388309,-10328.662345752875,2237.0476970639065,11711.02199830551
2143.117399808,3801.8908226307594,-2310.924718033137,1063.1853675710267,-1965.524475003439,5067.150344061086,-9448.630028020703,2234.647530966502,10721.5960572917
2143.126728192,3813.211134641999,-2330.492631506333,1058.324015738797,-1951.5654569493151,4622.546221522914,-8565.078475051925,2220.057984613754,9732.856870103124
2143.135833088,3824.332820479268,-2351.1002511071656,1046.378669953717,-1918.0539274481885,3953.3285673328137,-7082.523364015465,2184.9117120683686,8111.161690110403
2143.149532928,3839.8144558944077,-2381.6397810347175,1037.163630929578,-1904.6722360889084,3425.898587092827,-6260.928064419147,2168.751881670872,7136.946220679816
2143.160239872,3848.7942600634005,-2399.5643249752475,1031.348696008471,-1901.3054840553891,3125.841151686963,-5781.192694757569,2163.017031014197,6572.143628946187
2143.1641792,3856.1505266407376,-2412.6258012368007,1025.68893491606,-1897.3176318049816,2931.6217639742194,-5585.230445296022,2156.8152417783276,6307.868522256064
2143.176448512,3870.8017663901996,-2438.9419048164864,1018.3876031791658,-1886.8186664197913,2779.513967570333,-5310.2539947179575,2144.1077375587183,5993.704646071293
2143.192227328,3887.8169762105313,-2471.4508318814733,1011.9397854805225,-1874.68543654523,2471.4740072349264,-4726.138956966939,2130.367953061899,5333.345404996606
2143.205659904,3902.2932575315463,-2499.9363839808175,999.5345074482927,-1863.387845378957,2165.873270809809,-4401.9867444520105,2114.5409652891412,4905.9651775710345
2143.218725888,3916.6605060648053,-2527.0242810867603,986.4401316111736,-1848.5777988133589,2390.196246820061,-5521.35641241433,2095.305231110425,6016.511840861078
2143.231355904,3927.5817817674256,-2547.4826829481167,981.48996483907,-1841.8020400972798,2190.0621018265724,-5061.880108548405,2086.9971983657047,5515.342441152229
2143.235365376,3934.456175538988,-2559.733331421116,976.8058959072845,-1833.2441930967004,2099.2670093436263,-4802.0817999080755,2077.241928568265,5240.888435134535
2143.246284544,3943.060606075954,-2575.277435468768,971.5484642968636,-1821.4528578242107,1930.572059028442,-4381.666029635261,2064.363565788153,4788.1213090690335
2143.249546496,3949.1210803958857,-2587.318778559279,965.7843501627171,-1809.4639545024918,1859.0909203942388,-4135.049936371225,2051.0726982881465,4533.746466949378
2143.263364864,3964.1602324171186,-2616.5901806381225,957.1255456788831,-1797.5066389005299,1707.5935443046733,-3818.4115162898443,2036.4477472016265,4182.839014387943
2143.277914368,3980.1430635429297,-2646.181132182211,952.2784884763157,-1793.4421856174965,1650.768641107561,-3666.8046294807227,2030.583461167553,4021.255189271798
2143.2916864,3995.3054747263354,-2674.2531555850287,950.7548485368704,-1786.1694606708315,1726.22086702258,-3601.7278439816578,2023.4465953539511,3994.0307890471936
2143.30290304,4004.6088986927152,-2692.080698452424,949.9849285492223,-1784.4160030121743,1631.469912444929,-3385.114224178713,2021.5369984931306,3757.750974446033
2143.306068992,4010.8097446000156,-2703.390553581171,948.9993625960016,-1782.4776790444666,1739.4098925887527,-3553.030032014705,2019.3628862835342,3955.95363759916
2143.319094272,4025.0046125845015,-2729.951295131432,945.9270339986398,-1774.5724149107969,1944.272667693549,-3814.7017206821965,2010.9413739370427,4281.605472730515
2143.335449344,4041.9726811279465,-2762.4144610237972,942.2831577117302,-1768.984872181026,1804.4834044671893,-3549.3001655103794,2004.296641545984,3981.6695018408427
2143.349827584,4057.2632540283635,-2791.2319384196962,937.107061149356,-1762.9756771449593,1694.2393262358985,-3369.529158324426,1996.5602626168613,3771.494881789287
2143.36034432,4065.951419621698,-2807.319614580919,935.9937931225971,-1760.9791279042472,1603.270225757938,-3181.1025193236796,1994.2747728631655,3562.28699787782
2143.364355328,4072.977720585279,-2820.0909521756303,935.4692450507665,-1758.735924902837,1664.0455696624617,-3247.53546095512,1992.0478814475541,3649.045659905374
2143.374226432,4081.244867403858,-2835.2185617265695,935.6766414868939,-1756.8504785918735,1594.1953112794067,-3081.3337969978543,1990.4809422731705,3469.3049244807607
2143.378874368,4088.7305923214967,-2849.3489502462085,936.1557826723391,-1755.6728912287258,1646.7369501222065,-3126.420290338903,1989.6670451174218,3533.5883199292725
2143.391522048,4103.465676329225,-2876.4095352133595,939.2554472593549,-1758.6032072912703,1795.8769246671313,-3333.1784641178065,1993.7116230542254,3786.192362018947
2143.4075584,4121.0611378466865,-2908.2456093306887,945.8566424433303,-1763.7554943408247,1815.4745508746894,-3266.753843628934,2001.369089366481,3737.3290622767045
2143.422405888,4136.324030695216,-2936.7077728648665,946.3039564805456,-1758.2646148965036,1756.4653558235514,-3090.9430980883167,1996.7437577335468,3555.1511616003277
2143.432406528,4144.127333143056,-2951.572854821934,944.1855896702631,-1754.0886823977457,1653.8460138635396,-2915.150121952938,1992.0626329151505,3351.612577714577
2143.4460864,4156.509183441479,-2974.512702550837,935.166366997084,-1737.7132006995514,1491.5500775547118,-2632.15205994714,1973.3685164834276,3025.383628655619
2143.450516224,4164.358004624852,-2989.5087743972426,931.388465161677,-1731.477062787084,1468.7709876601775,-2621.5406422679353,1966.0867966582787,3004.956497730846
2143.461879808,4178.394799615064,-3015.249874589489,932.1273339474491,-1735.0941951898867,1818.7446026598368,-3336.474187654566,1969.6226117897866,3799.985780840434
2143.47842816,4196.510545460603,-3048.980871096511,939.2108323166891,-1745.2111353868338,1895.4245647610696,-3443.246639557542,1981.8877098915593,3930.4683819519523
2143.492384512,4211.337242939869,-3077.207284754902,940.779790782833,-1751.943954212892,1912.5749670925113,-3571.3186923074954,1988.560844794168,4051.204784600976
2143.502569984,4219.84688103605,-3093.0994324640374,941.1062472788606,-1754.1600314338662,1816.617477948857,-3407.400891540958,1990.66782375849,3861.409055884054
2143.506841088,4227.10937202475,-3106.7006870566947,941.6102025054705,-1756.2932702046785,1868.2091567591044,-3529.516621070321,1992.785945461438,3993.4562764365182
2143.519015168,4243.891677491171,-3137.3570722986387,952.7366250943019,-1776.8117597343687,1850.0364692851672,-3489.2025002347436,2016.1267584967034,3949.3251354287754
2143.523353344,4248.572447755205,-3145.713968897249,966.7003081037188,-1800.8058002795722,2207.0258106966276,-4103.832095956174,2043.8715752239364,4659.656725648484
2143.532993792,4261.521329683405,-3169.0633053438983,980.1597890451192,-1822.6048939758655,2226.697409982425,-4107.200127261267,2069.444807576599,4671.966849304199
2143.55036032,4276.13679383597,-3195.5859370459025,975.4923859533193,-1806.5390713141442,1948.8925224776299,-3489.0770328129324,2053.0876287283672,3996.4785255361894
2143.560515584,4282.909190350173,-3208.054634960773,964.6705577979202,-1784.00978898136,1743.5416149411753,-3096.3981163574726,2028.1223366117408,3553.536078051521
2143.562924032,4288.149543596064,-3218.0886527163652,953.3997596488,-1761.9924307992899,1501.2815224240471,-2612.100311506566,2003.3942267792377,3012.7917695958618
2143.576508672,4302.418481255019,-3244.489958910467,935.5238166003475,-1729.504203709224,1295.8764672333295,-2281.28502389025,1966.3137089677114,2623.6534029012055
2143.590271744,4317.29246037769,-3271.937474337911,926.2933657564072,-1711.1675611385654,1411.7215041150282,-2476.432523993224,1945.7938795610494,2850.5570773222994
2143.605533184,4333.857799538135,-3301.570105561297,922.4374887777004,-1702.8437889900915,1452.437558491409,-2530.160427241863,1936.6382962248376,2917.4109496087813
2143.619465472,4349.197035190806,-3328.7532766394834,923.242624160132,-1694.1752991326277,1703.8669763436556,-2741.022651554103,1929.4058378830555,3227.4398289367314
2143.631730176,4359.221411846507,-3347.080239714286,923.9787777842191,-1692.0773971115036,1615.2189468673037,-2588.6344745625,1927.9166734097355,3051.22281867657
2143.633730304,4364.576613196906,-3357.0704951282355,924.4297253025431,-1691.023176198002,1922.833929830097,-3097.884584335904,1927.2077468352275,3646.1183770651073
2143.647881728,4379.429050251524,-3384.5444095986927,922.2289684605854,-1686.3882290559875,2251.85490552767,-3785.2289735976346,1922.0852034617158,4404.407894156947
2143.6618368,4394.457313266775,-3412.2530005335825,919.2506344693022,-1682.4980609604834,2557.1162983242853,-4487.551768447962,1917.2431911752878,5164.9747954521645
2143.676563712,4413.135391227303,-3446.8896236289606,928.78091463796,-1701.2882040231223,2428.3775604447733,-4280.328761331262,1938.3022314757693,4921.202280048172
2143.684498944,4419.507703831656,-3458.7880403318914,936.8368303490578,-1717.9118552878435,2404.0667709058107,-4276.108511799162,1956.7535330840699,4905.572448109878
2143.695101952,4432.742579489996,-3482.3381360260814,950.0932371236312,-1742.3403566270642,2529.799227446916,-4530.612260514941,1984.547071137237,5189.05883434745
2143.704278784,4437.930808907975,-3491.58568547898,945.6629021180312,-1732.7600460432016,2332.107075438017,-4163.068991304112,1974.0151219293975,4771.778163081965
2143.704627712,4441.106404646961,-3497.043631088294,937.3827291202839,-1715.3496784364058,2444.5915518505067,-3722.441417777178,1954.7662008958698,4453.380509698429
2143.718582016,4455.466636868945,-3523.043102182091,922.3706194727613,-1682.45421635615,2214.783433648544,-3181.506942451537,1918.7026215130766,3876.4999784381994
2143.733291008,4470.816325300055,-3551.2111378944596,911.4923604986564,-1661.5466190446357,2131.242982851187,-3174.8176291926748,1895.1399659407937,3823.828399730435
2143.748283136,4486.294532898016,-3578.6135256704238,904.7494417134354,-1647.5361192803257,2151.8330597678787,-3245.9648161535097,1879.6134753225326,3894.441308431349
2143.760349696,4495.998461914039,-3595.4349689645833,902.6615954885314,-1640.1175640523084,1994.0020059101673,-2996.002598331241,1872.1067223539312,3598.8992162578434
2143.761622272,4501.0476056124635,-3604.5115430766127,902.1809051473133,-1635.0517485080777,2453.804662175419,-3570.7724297870436,1867.4379791339115,4332.617345836243
2143.776176896,4516.966361748805,-3633.0764972526968,903.2411150316888,-1631.0600499016223,3043.8565757652855,-4524.75033799146,1864.4574004971987,5453.295194190701
2143.792245248,4534.0777407867145,-3663.985287499021,907.004480468502,-1635.0286434534507,2884.486532242301,-4376.4354531736,1869.7528693662082,5241.512170212145
2143.80531072,4548.817577331724,-3690.6190531378447,912.2350857823698,-1644.0393715975408,2897.6436860154818,-4550.622635994739,1880.169754861301,5394.859155374967
2143.818748672,4563.333225403607,-3717.0218890676324,918.1816146533824,-1654.989578930045,3338.66581152591,-5499.084650466283,1892.6299120151673,6433.243458322236
2143.831352576,4573.4998556403825,-3735.642978537695,918.9506548755419,-1657.4913051768792,3083.0273390686157,-5098.949461632682,1895.1906850850503,5958.552104809417
2143.83460992,4579.388348523461,-3746.857027838135,917.7000090146827,-1657.5458056886177,3017.9722336297336,-5098.581709756075,1894.6322610209818,5924.8368630722
2143.845848064,4587.880513321666,-3762.805383935011,915.2303620634729,-1656.5665003940362,2775.988659928313,-4727.804156435317,1892.5800342047837,5482.540030100798
2143.849030656,4593.724886547508,-3774.2559678815514,911.9836853554928,-1655.6300281596618,2685.242662292491,-4749.528311143205,1890.191797807447,5456.056023699399
2143.860505344,4602.353304391466,-3790.8706682124403,908.3169072051423,-1655.1944686076174,2464.3588033897663,-4415.413621806056,1888.0435198437478,5056.574113317742
2143.879412224,4624.150859339915,-3828.955633652414,897.8865547541369,-1638.047531094216,2170.258017341654,-3886.0471042418812,1867.9935704739753,4450.9978609546015
2143.888530432,4632.198698696289,-3843.181653889091,900.81949447886,-1640.9147131220716,2083.588933669764,-3708.07893326105,1871.9179622445101,4253.374215820366
2143.892076288,4638.75849600994,-3855.6687181434927,905.6285172562743,-1648.161281966054,2269.9463393223677,-4013.043604869379,1880.584649155625,4610.550439804996
2143.902595328,4647.555714938194,-3872.164784014814,909.8771226466961,-1656.6071348566595,2168.720366309582,-3847.373950857805,1890.032692197101,4416.518351030047
2143.905487872,4654.007104201837,-3883.3831669199712,914.6515493721688,-1665.7744232606,2436.1846208392612,-4361.030715850243,1900.3662504786003,4995.356284731151
2143.919380224,4668.874232713927,-3910.207595901962,922.3992028137362,-1677.0252052094677,2702.532393592397,-4774.86420149216,1913.957634917574,5486.620952927914
2143.933141504,4683.866790802102,-3936.5217867953206,924.0631818651343,-1678.181575835684,2739.8942355247473,-4786.590922241267,1915.7729942644708,5515.29446890592
2143.959923712,4708.202895554144,-3980.003803923577,921.4359833522235,-1661.7434934908476,2290.794002489106,-3876.992023705604,1900.1146569550601,4503.199341991973
2143.96242816,4714.16298091837,-3990.952888120216,919.9244853376132,-1658.7219027359458,2358.573263225338,-4013.259652510722,1896.7391516335686,4655.010298213302
2143.97401088,4723.858547227482,-4008.6316051890076,919.7910733994131,-1658.9348229902387,2200.920650314856,-3756.85694914823,1896.8606605744394,4354.081515698313
2143.97781504,4730.114409420722,-4020.4739442689306,919.1548511951279,-1659.4633215305298,2206.702050633555,-3832.772285490327,1897.0145376302935,4422.632398548751
2143.990041856,4743.19453028545,-4044.8017774925265,915.2308345388153,-1658.5723318382707,2341.977900929411,-4352.709660465167,1894.336205753893,4942.76662171587
2144.005566976,4760.379800911582,-4074.475237821608,914.881495471714,-1659.9376442876453,2301.954151227396,-4249.536853030319,1895.3630611784586,4832.96558849904
2144.018807296,4774.536173376196,-4099.610827100858,919.0783202770074,-1655.7937684878268,2906.611386719684,-4796.675280348611,1893.7681913492804,5608.607982246214
2144.031923456,4784.37056116268,-4118.447556718403,917.286625195598,-1652.641411143946,2672.4082536930964,-4419.297699150124,1890.1424249486022,5164.490103400389
2144.032669952,4788.102053549136,-4125.794954072439,913.1516104198008,-1648.7358789800037,3077.181124544339,-5660.904168292261,1884.7216935792512,6443.204146683594
2144.047665664,4802.89384425086,-4153.552218655823,901.4191791745733,-1637.0376847647774,2786.4889405041818,-5585.074245536764,1868.8094921430018,6241.600351168774
2144.060869888,4813.016378238576,-4172.313473351444,896.401184680174,-1632.0015461651465,2538.1712335894895,-5112.593830102428,1861.9785526641945,5707.970644863427
2144.065664256,4819.912823032559,-4183.738943000017,890.8342415250688,-1622.8361433267182,2354.602816888178,-4749.286204631368,1851.2651873681095,5300.931416156935
2144.078117632,4832.999445669785,-4207.188359018815,883.4241309325215,-1603.7980712034953,2126.197861385139,-4140.237514196396,1831.0124107471072,4654.275885647292
2144.088265728,4841.316300779797,-4222.766682037046,883.194153733989,-1603.3513753855873,1998.276584886294,-3879.690989521065,1830.510187390595,4364.070517747825
2144.091234048,4847.190840275231,-4233.268890091839,884.5640857437149,-1606.5061782429436,2142.9792471621254,-4139.735889810538,1833.9344924288769,4661.5204913368125
2144.102380544,4856.115385831602,-4249.33043468677,886.1389652599246,-1609.2950826762512,2022.1744903703027,-3894.920554567612,1837.1371557066425,4388.575599884052
2144.118949376,4876.985647969404,-4286.701631921682,886.3334858633282,-1607.3116375984944,2304.8353051046834,-4288.87747163528,1835.493870467072,4868.956330709655
2144.131525376,4888.3738842327675,-4307.17801430218,894.2561638684115,-1620.2413932997415,2207.7898661813474,-4090.54405157446,1850.6421207728238,4648.320850703429
2144.14031616,4898.289094732742,-4325.366163183578,898.3333212806465,-1626.943327876728,2135.1654061464897,-3942.1237581765536,1858.4798487596577,4483.221055935647
2144.149307904,4904.392553532941,-4337.039864077107,894.5438718797211,-1621.6407919013095,2009.753857374158,-3742.906615208712,1852.0063705818804,4248.347972730511
2144.15995264,4908.915918977301,-4345.734159019161,877.968474901992,-1594.0999301694046,1737.0699685892127,-3262.1855377936618,1819.8854992245613,3695.844498726191
2144.16384,4908.258029983982,-4344.181239354983,846.9452562006737,-1539.689158482352,991.0558688558517,-1946.1726451597542,1757.2589370234878,2183.982531972667
2144.174669824,4909.028635269522,-4345.278495610586,802.7173010529002,-1459.491263285007,562.3749718680591,-1154.3041168553511,1665.6739816107229,1284.0107488540789
2144.179458048,4907.42343649984,-4342.148517104551,747.0908126367601,-1357.5085889393567,-500.039088319628,808.3696213205567,1549.5077448565328,950.5264512476573
2144.190313984,4904.1790849708605,-4336.410928028453,619.5386409777553,-1123.8358493304743,-4151.74384040029,7509.586376782655,1283.2907480009792,8580.842876236658
2144.205115136,4900.125451270022,-4330.365625569653,484.0347229892811,-881.3151309565967,-6033.824393830322,10826.194728009596,1005.4879278799688,12394.092508302681
2144.221184,4896.010815269612,-4324.770949345761,355.962520583585,-660.4280042458316,-6764.0483659448755,11977.966401105245,750.2496017008948,13755.872542403395
2144.231593984,4894.102459225285,-4322.159307353091,298.6820790128614,-563.0268190597558,-6599.70926536105,11645.644026018092,637.3462036475876,13385.708317755298
2144.235175424,4892.536623560157,-4319.507362091917,246.2650565349256,-473.46970203413775,-7328.197119107406,12838.524387700281,533.6853350190966,14782.766367296379
2144.247204864,4890.435047891905,-4316.1004096680535,198.91170556395429,-391.37450039115583,-6968.733368357041,12198.079276021555,439.021487135639,14048.358722048617
2144.251623936,4889.611227860053,-4315.484625506671,157.80337800651083,-320.3584292011066,-7156.149593857873,12495.119104131823,357.11542849681837,14399.252704085455
2144.262076416,4887.676271406406,-4313.707205645089,91.79099258054683,-210.46959354020285,-8037.522989624667,13764.682553897277,229.61497364915076,15939.518864078336
2144.278616576,4885.294513408988,-4310.69266010709,39.98572073656984,-127.51702039564191,-7275.769667747527,12361.900259413944,133.63924705491834,14344.106883379442
2144.29234304,4883.345747898504,-4307.6924552301,4.861756544624061,-65.23888667085549,-6492.752937756672,11065.249068606423,65.41979066576047,12829.480802473778
2144.302852608,4881.828152429909,-4305.567089482241,-10.853956278374497,-37.174037003950524,-5992.2357794345835,10219.003842809558,38.726184863267235,11846.304452262422
2144.307592704,4880.777258648129,-4304.288319970683,-25.131569249135914,-12.03675383493036,-5696.169921134233,9718.984862410298,27.865376649290507,11265.212759916916
2144.319878656,4879.376364817233,-4302.188147040829,-47.51919440788398,27.554549653136363,-5134.092308254364,8778.650463822,54.930201563087586,10169.739809633225
2144.3333184,4877.709181302192,-4299.297421859036,-60.77692611353691,56.151982412016764,-4674.253480773965,8203.58653956028,82.74587528457091,9441.794199969736
2144.350635776,4875.281192502559,-4295.642104258988,-72.59472098020535,82.39057189883079,-3991.251328401884,7071.747852657751,109.80983495120222,8120.3266472500545
2144.36042112,4874.271619083454,-4294.278733871622,-77.64212730670035,92.7325495325446,-3651.3290389317526,6479.073597986944,120.9447215694662,7437.109548653816
2144.364807936,4873.627098262344,-4292.9751145435275,-81.64125701495215,101.55350916709735,-3394.8897314255205,6053.041404743211,130.3012282027042,6940.071075722071
2144.376352512,4872.076915151615,-4290.6856810824365,-87.03715896091222,116.06398024409273,-2996.4690314240656,5469.817977320592,145.07347983035442,6236.804900051228
2144.392568576,4870.311823112778,-4288.140205174163,-92.1056445711688,125.89741671707954,-2530.9794690464396,4615.886364071294,155.99233730508834,5264.243915203199
2144.407114752,4868.799762872092,-4286.036694107521,-92.56172666506865,129.3647141024087,-2089.2285927443922,3838.312518008613,159.06886086854593,4370.070834510848
2144.421834752,4866.6454462024485,-4283.666786725615,-95.0590151165232,131.60186591443852,-1773.1879192628082,3190.1565623239276,162.34305487788887,3649.834830394108
2144.433797888,4864.129555110756,-4281.442687028955,-100.72238294107146,133.6132338686281,-1816.54569769633,2799.5706154555173,167.3245190943651,3337.2794163421545
2144.447418112,4861.681157881571,-4279.149423980721,-106.19060636323852,135.84854107966868,-1682.3682558070525,2545.7988791287025,172.42758188081945,3051.467660179315
2144.453992192,4860.932169890231,-4278.529251076597,-110.70612703794686,136.82497310908633,-1599.1381346572157,2326.8059466385453,176.00261313413566,2823.3435297581937
2144.46168064,4860.229386710899,-4276.975215390799,-113.10660489018511,137.43882314586847,-1484.8877394346816,2119.9296117522867,177.99588247345991,2588.2413252066817
2144.464931072,4860.168202523563,-4276.438043923158,-113.54901698563643,138.57345647850383,-1384.5119279324967,1984.6561529806017,179.15351545198365,2419.8622531357278
2144.478212864,4857.950923800989,-4274.110745103971,-111.36036017757003,138.44188406043943,-1136.088681809703,1660.2335483142983,177.67184661921618,2011.7338113886724
2144.48993024,4855.184027893329,-4271.9206997083065,-119.3836687648093,141.83483628929844,-1392.683301454865,1603.3658195443868,185.39034805770712,2123.758161711089
2144.50305792,4853.45062628299,-4270.474495019076,-123.20730302523815,142.224455285916,-1291.741375663158,1456.839559322971,188.16969787967557,1947.0432155472297
2144.505500672,4853.251496693273,-4269.803048369928,-125.0715423943472,141.58868818591898,-1289.7945661685098,1343.4719242299068,188.9186262365635,1862.3874017271012
2144.5184192,4851.795888740908,-4267.809643729408,-123.26485872738809,139.34542590179285,-1043.591130918375,1122.4754124871101,186.04132099303902,1532.6557017704927
2144.533197568,4849.116722821896,-4264.342067935635,-124.13070864190853,141.29271146161054,-953.4394276191956,1032.8455950901268,188.07462120157604,1405.6374943191781
2144.537938432,4848.37456336971,-4263.2950443326445,-125.9840547471507,145.11287449842467,-923.2392759789929,1039.7198516528058,192.1710914672876,1390.463279137981
2144.547499776,4846.431421034126,-4261.63294618352,-127.57288336833308,148.8971942228267,-1252.0033881775553,1486.2965527668823,196.07451394390984,1943.3450354414153
2144.560259328,4844.171813631276,-4259.844997390107,-130.61663615305707,150.02451774821384,-1160.7669655891239,1358.2387271547948,198.91722289818,1786.6707554404252
2144.564754944,4843.183823653029,-4259.271021012424,-133.76223470001705,149.59204464547116,-1143.1778540836149,1246.0374614705136,200.67415193082311,1690.995257667833
2144.574747648,4842.050732036474,-4258.528609850141,-135.65896003517702,147.3153169722412,-1061.1676937247305,1113.6342980691832,200.26271757982724,1538.2646794492507
2144.577214208,4842.289023374452,-4258.4974190637395,-134.94179619058957,143.20875507040842,-981.1869412600878,894.6323902572739,196.76899117482623,1327.8158484506691
2144.590130944,4841.702275538148,-4257.578523768184,-125.66994890126044,131.50277444566436,-537.3958545605065,418.228798917312,181.8953428314004,680.9622843760397
2144.605221376,4839.897127895269,-4256.03312777205,-116.47270875257273,121.47504021677605,-295.70039595471917,172.6235075110122,168.29164352346493,342.39976564416946
2144.619466752,4838.178832483246,-4254.242039428022,-113.2280346178188,115.0051150095988,-223.5096332388948,57.61736545306272,161.39009976384864,230.81663058007118
2144.631921408,4837.3996493951245,-4253.000537891657,-110.91917737896497,113.30050403311084,-191.71637802797366,47.40516265925935,158.55619863185186,197.49030115657766
2144.633411072,4836.716346406912,-4251.681979827537,-108.69448473443036,113.46642007080649,-97.77630965621424,129.7271426979279,157.12771714553747,162.4479556121173
2144.64640128,4835.478126090104,-4249.635163004335,-107.3016128104304,115.8037631499304,-85.64575909304341,143.45802740622045,157.87383466364747,167.07902824085232
2144.650575104,4834.643120376264,-4248.772643389202,-106.41610792280257,118.44591501105057,-81.59635917670758,220.61886886573654,159.228837866269,235.22468223060974
2144.659359488,4833.78362618104,-4247.820579005107,-105.98679304254998,120.32558879440913,-80.66121070241797,233.42651406177427,160.34789558383844,246.96997465078942
2144.676742912,4831.3014315103455,-4245.133552226334,-104.77868696938107,120.41565243924762,-109.09397518787773,262.3723582947051,159.61986904955543,284.149168253962
2144.690640128,4829.850256449206,-4243.221155762858,-106.08749844494473,122.56676313047788,-173.40089943069972,337.61456869043326,162.10234036123236,379.54112941208746
2144.70283648,4829.2859575344755,-4242.27531980799,-104.41799066353076,121.86945165869264,-151.0866799667748,308.1711702364129,160.48451645501387,343.2151730740685
2144.70749696,4828.313978355531,-4241.630591424696,-102.44959457408527,120.00024234385565,-116.07875139070376,263.3478458752526,157.78459237510654,287.79569915403636
2144.719240704,4827.115590852258,-4240.669320224774,-100.57668249549083,114.8263996787312,-98.58692321301838,104.37013275599638,152.6459011076894,143.57056118896344
2144.733250304,4825.797403274434,-4238.519694177684,-97.04797559351216,109.79135739457855,-31.281805798661722,36.99563919692867,146.53481403865433,48.44820629924818
2144.747355904,4824.6654999311595,-4236.406810842876,-95.79044283246864,110.99137231544609,-26.11851213945767,49.58764600443203,146.61136949945737,56.0456181395108
2144.760123392,4824.110806427744,-4236.966156457351,-93.26580984380546,108.86011313526973,-11.219740564852339,36.619076381708446,143.34934781032177,38.29933855031951
2144.774447616,4822.84758748596,-4234.761499036402,-88.2648495471271,102.94863061542216,34.83049465988914,-14.937000703791437,135.6064313045942,37.898249936872176
2144.780280576,4821.636477410836,-4233.256207831755,-87.53541205821988,103.24127576443925,28.733867532011583,9.11051788661368,135.35586202921297,30.14360097117624
2144.792062464,4820.378374133942,-4231.497251838123,-89.28293732145758,107.4880829146436,-43.26200878665688,129.77994471288525,139.7323543972999,136.800714376557
2144.80502912,4818.399801791935,-4229.77002453551,-89.30469711488205,108.81235513000415,-99.14715520582772,187.46536086723904,140.76738811144776,212.06937523011817
2144.818275584,4816.3557142941445,-4228.268930026717,-92.77306858221237,109.89386124121025,-122.16108702298686,185.09949795322757,143.8176032085859,221.77726512240758
2144.83228416,4816.677730835707,-4227.651002001738,-92.92046827463882,108.55105338679599,-117.63937737889282,164.84424609598813,142.8899738111852,202.51579834928498
2144.8366464,4816.386306908333,-4227.103875386821,-89.52666785273314,105.8203050340006,-48.30021129599136,109.92554944674504,138.61082646857903,120.06888369767664
2144.847617024,4815.246255842808,-4225.898114176414,-83.50314111299859,100.93583149573003,73.78735225575389,11.913067141336356,130.99930020985516,74.74285599058078
2144.862036992,4813.387657547402,-4223.809195579518,-83.17245045157817,99.3444289016269,-21.044273605055963,59.68577605564171,129.56454788216809,63.28707067741932
2144.879640064,4811.636428194164,-4222.15166865049,-84.93777901061313,100.81290590164613,-61.12610158016726,87.73241280668763,131.82438431333526,106.92696830674652
2144.88842112,4811.088895839198,-4221.983704438611,-85.04326577713883,98.63239026243045,-65.8722679187142,65.62672164761956,130.2332732558061,92.9839893474624
2144.890386432,4810.815259950753,-4222.299360922238,-84.64248155523627,94.46456628034721,-82.37862301938726,-104.33523485837236,126.83810139844661,132.9363711085948
2144.902375936,4810.127539747676,-4222.340405077299,-83.69892760908526,88.57767752843843,-73.33319046976,-134.9934873516503,121.86679383344308,153.6261646069258
2144.905602048,4809.216203401897,-4220.507741779997,-83.29672292601641,85.15999740994701,-79.54879630559917,-200.39428539773232,119.12417558613251,215.60584549992495
2144.918848256,4808.544521885462,-4218.471702553407,-83.51474168570392,89.29100701842074,-99.70177998182919,122.67637382615808,122.26036157804178,158.08205978756843
2144.933530624,4807.842895871179,-4217.875469247152,-76.48503997777546,88.32561330609806,90.62326223996548,77.70685916231494,116.8391000748477,119.37726592565858
2144.947840512,4806.6043084752055,-4216.596638516795,-73.93604982369453,83.13655100431541,88.46941521862504,-14.888651609595705,111.25747424971041,89.71348491657986
2144.960302336,4806.069713300294,-4215.291375826997,-72.48744924210698,82.98997149279009,85.31168286161804,-7.906737098792061,110.18968039703694,85.67729993545962
2144.962446592,4805.555648705065,-4214.495065372503,-71.17989613732531,84.24714576072739,104.12128696329572,90.81479165126797,110.29124708221259,138.16138672420809
2144.976483328,4803.757204293185,-4212.7777855807835,-71.33256166753661,88.02882513415344,24.145431917950106,203.62473125811886,113.3022877463305,205.05129373511764
2144.990588928,4802.726824409165,-4212.217886128107,-75.12763232969749,88.34378195788265,-101.22947636567234,180.83030535694706,115.96889647697834,207.23659479144828
2145.006655232,4802.297589788429,-4212.502472729642,-70.9237637177586,79.10437936506824,-28.58364602420889,9.659383557246429,106.24350848228369,30.171650779221135
2145.021344,4800.812048850988,-4211.437810021962,-67.43647602554991,67.71231261878091,0.1977793574424247,-149.026288376676,95.56482396220946,149.0264196174706
2145.031200512,4799.744585876376,-4210.263962968213,-68.50605338077432,66.80343188569596,-17.51660425812957,-136.4751478315066,95.68582894826339,137.59468521846148
2145.033740288,4799.573617796663,-4209.770406293667,-69.772684590019,67.6150280496509,-92.47587337225627,-64.67099529232797,97.159762932262,112.84557939087328
2145.047907072,4798.779701298028,-4208.773112642557,-69.11122301868134,68.72955708904723,-80.43101066343193,7.481954579161183,97.46852396950779,80.77825896035228
2145.061503232,4797.644667078026,-4208.031112844052,-68.94784686636224,68.41973149305672,-76.25992847931579,9.503270116573969,97.1342640116726,76.84978096636924
2145.072043264,4797.158541601219,-4207.848850010792,-68.48954715078227,66.71454190978355,-70.83857651303548,-1.1837704321766314,95.61196667337983,70.84846670768025
2145.07732608,4796.16387272626,-4208.1287954524105,-68.61626050731195,63.37368209154421,-79.03177681392016,-51.393197143943816,93.40457583998446,94.27238439246969
2145.085331712,4795.37751457174,-4208.312478407413,-69.92503504289729,58.68561645936377,-95.95170115697618,-96.70209239910568,91.28807208483462,136.22783720401216
2145.095280384,4794.176191950364,-4206.687195373943,-73.64129887397976,54.74423844261152,-176.17454091348293,-134.48658236382173,91.76040836062315,221.6395941657931
2145.103598592,4793.709935021883,-4206.0597929438045,-74.61804343251039,55.189610590959376,-179.05800206561227,-109.15716825573271,92.81026625798323,209.7070706612897
2145.10531712,4793.76120215053,-4205.211993029282,-74.39940886397736,57.105458028662845,-192.00799796531027,46.0951770257159,93.78862071686866,197.46350707834264
2145.119094784,4792.9921876716335,-4203.790393633385,-70.67783417246885,63.540883588665544,-8.697872911434729,472.51470602790636,95.04104445206477,472.59475283356903
2145.13350016,4792.064064192545,-4203.053432075327,-68.32747659467705,65.40266281248611,24.23707601638114,454.8336228634716,94.5841020508198,455.4789351231674
2145.145984,4791.633475462489,-4202.570100085583,-66.60698386754639,64.82496242911797,30.141958537109073,409.9631404461084,92.94496249861065,411.06971937724677
2145.15991168,4790.833157499033,-4202.70754134593,-62.85053348810973,58.981603918307115,63.88974556079238,243.56392497659624,86.19175807764954,251.80406100344726
2145.16474752,4790.755558823062,-4202.252337378119,-60.86757148109808,55.85632470547199,85.46648413231077,166.85736342671674,82.61228884136854,187.47239700727667
2145.174700544,4790.63685671158,-4201.78133414011,-58.13521212846428,53.79229841815053,98.31185192257402,135.00699089361697,79.20425656698572,167.00930458688612
2145.177124096,4790.188781939731,-4201.139698446783,-55.7520477584611,53.06540642132326,162.81383650078448,113.71043754233351,76.96900797023399,198.5910596229677
2145.192259328,4789.665729816664,-4201.291469653356,-52.83534898954722,52.09039990957315,166.65541409194935,72.72633769316074,74.19557847733587,181.8327452369863
2145.205231872,4789.817431532639,-4202.45850963892,-46.764105401768475,39.26106605061631,293.3337661366119,-308.78765734162494,61.05991206559806,425.90435039151373
2145.221253632,4789.642539703892,-4201.700235495357,-39.14909515246047,27.95798855628783,344.8733341081737,-397.86105296372455,48.10718008125112,526.5273345651598
2145.231540224,4789.378828121152,-4200.644010300703,-36.54247325086972,28.126673915346746,331.8602236534099,-353.7293139222361,46.11357865998665,485.0315820348063
2145.23366272,4789.004436307771,-4200.29501753276,-35.00528497714391,30.237530201059496,354.18139599628654,-205.03997197729893,46.256655834496314,409.25035293610915
2145.24808704,4788.206520058637,-4199.99732928644,-34.4668870993444,33.25104390532493,242.50195943727766,-3.907637450667835,47.891525629413806,242.53344091354685
2145.264094208,4786.889828746991,-4199.914793981486,-36.35242910711343,30.983279566333156,141.68394663148172,-38.08647248409679,47.76465968342353,146.71373527844767
2145.276158976,4786.637059633403,-4200.405428210225,-40.55052103811411,27.179653253853008,-46.278539427473746,-203.6105600387707,48.81678305114152,208.80364788681754
2145.290537472,4786.716008749495,-4200.75891839832,-36.27528043487472,18.125294782777644,101.61084443348132,-443.51891976527224,40.551476934772566,455.009665717377
2145.302805504,4786.337722283085,-4200.503063608323,-34.619308432144074,15.575390095228956,101.9725926467973,-418.44057856048266,37.96168190344677,430.6865768016704
2145.307108352,4786.23848345882,-4200.307559931676,-33.31381744960234,14.366540167122842,114.12823216502748,-401.1350388720707,36.279579785865536,417.0546400509316
2145.318724864,4785.756533867482,-4199.755373544491,-31.01532070610543,14.091942513897841,136.94434150328237,-302.62696389683026,34.066595989584485,332.16988416649247
2145.33470848,4785.382138990129,-4198.892106331024,-30.60818740956787,17.116413957876603,110.31863356078728,-174.63311059439744,35.06897151723475,206.55973525010702
2145.348661504,4785.602842521236,-4198.581328433425,-27.07465273531064,20.62225968181194,167.2230155061801,-64.64243323798776,34.0340184979933,179.28240596865007
2145.3603264,4785.746083995841,-4198.600055472251,-24.355946201463553,20.740683165600384,171.54535327462574,-55.3872702690197,31.990436907682366,180.26524328879813
2145.364776192,4785.961391026095,-4198.966165183698,-21.187302508824594,19.389221274281187,219.9318301057134,-75.48285687671421,28.72009208243391,232.52456123153723
2145.37650048,4785.913135881613,-4200.310630367149,-15.09795683885909,12.142690978808014,317.50139272442465,-278.88309803402876,19.37506761058855,422.59072014303274
2145.390387456,4785.880813792816,-4201.2324812961915,-12.399419772546166,-1.6261769164500688,337.9137012493336,-707.2996766448534,12.505601227426208,783.8740345705667
2145.404734976,4785.744321256535,-4200.475145994272,-9.404473224443366,-6.580105343000922,338.8090692181494,-649.0289012668856,11.477887564977342,732.1407651976288
2145.418905088,4785.62833322274,-4199.3363079716,-9.337982616105972,-1.104891987101575,267.2678457206394,-208.0680944198993,9.403122122032585,338.7099544915673
2145.431881984,4785.804508368987,-4198.729971231681,-8.473031825360245,2.9348263764049722,246.48241376108837,-156.2391926201709,8.966909956791687,291.8291719552643
2145.434892544,4785.977639752029,-4199.231238808343,-6.976923470124656,5.587513294017234,269.11922747352486,-50.75970101838517,8.938555024096209,273.86439316461474
2145.44840576,4786.299289269916,-4199.7946661997885,-3.2868255997476976,4.590702370873709,319.4733102279177,-92.35475739027896,5.646040274484615,332.55465289272473
2145.46057216,4786.497991099681,-4200.002469768656,-1.3694610090286545,3.049926200299362,303.0127278371882,-95.40408278818386,3.343272839976164,317.6769620919788
2145.465049856,4786.475338274516,-4199.980384985262,0.17587528284438125,1.6473446440263286,307.43483476766124,-116.96973219225887,1.6567065193684192,328.9347897042025
2145.47608064,4786.0668229094435,-4199.841760834036,1.0754827811760537,0.29983648903401694,252.74622543902302,-130.50746175718703,1.1164968126969397,284.4518448665381
2145.48830848,4785.628581999039,-4199.712775464787,-0.3758427538093842,0.4399683576256441,215.7105526249675,-116.28817740227485,0.5786449095108571,245.05914126453604
2145.491230208,4785.766341422297,-4199.785056886489,-1.90801519788918,0.6479346520915726,141.30000826361797,-97.35349063559362,2.0150288605270927,171.5907761921751
2145.502496768,4785.8494757451035,-4199.8473795245745,-2.524411492776024,0.5502238127871543,121.53927867285701,-88.42651109252363,2.5836794748996454,150.30317403273492
2145.50582528,4786.036416593633,-4199.221111869889,-2.3178240610928404,1.4786849137274052,114.86147456177778,-51.38045596483278,2.7493303643370925,125.82968486672786
2145.518635776,4786.296463987222,-4198.919251485387,-0.4369437000832225,6.434118378856027,162.8183406725693,120.18770452891889,6.448937828059387,202.3731612128929
2145.535407872,4786.857664592125,-4200.066487488677,2.2811378131255076,4.929003445485197,182.9210932891084,49.405185248769264,5.431267318782603,189.47558866394348
2145.549646336,4787.2025003509325,-4200.067298572993,4.420657578505245,2.1174914684207273,179.78912218043402,25.0986845196412,4.901630702657068,181.53256572589808
2145.554178048,4787.266948504433,-4199.945230393051,6.235525412602012,0.6454584204319664,203.14145428163508,-9.66689766891588,6.268843094520074,203.3713336687325
2145.56185088,4786.926173847544,-4199.945167921189,6.846886463750594,-0.20056351247662385,191.60166051280214,-19.63457167138636,6.849823353198831,192.605069289419
2145.574406656,4786.5861348976805,-4199.936017586709,5.835414620812711,-0.6742323710803559,164.95647890520385,-21.44674519389696,5.874236383310378,166.3448310354575
2145.578029824,4786.2283099015385,-4200.142546515752,3.743463998232704,-1.2767635809210258,91.42922585902673,-36.388964756509566,3.955205171369832,98.404573558506
2145.58992768,4786.590052914167,-4201.164564202076,-0.13809653608317007,-4.775230292407681,-29.011571681407858,-202.36970900954242,4.77722670582066,204.43867152775266
2145.603002624,4787.294021029458,-4202.202835406186,1.2346686809891154,-9.235266078957887,-15.594968870612334,-216.6973764033021,9.317432387786111,217.25780997273665
2145.618701824,4787.029312333281,-4201.065631665615,4.394163724676175,-12.22231108715497,56.83609452279511,-187.91111712178625,12.98820861976167,196.3184392219991
2145.631615488,4786.597069633071,-4200.209894537678,3.478175231268369,-9.003176785233679,44.40197734902023,-145.1468407106388,9.651678360035596,151.7864979528234
2145.646515456,4786.146140979372,-4200.0076645845,1.4671862056228204,-5.272500017022379,26.61913662242761,-106.05182685597383,5.472832154512951,109.34152191191102
2145.650221056,4786.564953787419,-4199.937580180892,0.09008217312666611,-2.4098146674230945,-12.386493690643313,-20.48922246861484,2.41149777715898,23.94229444553587
2145.66326784,4786.720702982583,-4199.789185400951,0.6613766547599873,1.7118681333448191,3.606698007435236,57.48461049915624,1.835187070961156,57.59764504523203
2145.678931968,4786.425178075998,-4199.760575235102,-0.16914295868560567,3.8659547100329656,-13.500273221617961,76.35373820352605,3.869653105964279,77.53805978170287
2145.688446976,4786.261972970326,-4199.794740490353,-1.1941887604074672,4.132882198782848,-22.919774402853882,71.92369111381397,4.301953284788164,75.48730623166414
2145.690198528,4786.848900248732,-4199.916923357357,-1.1249307709658036,3.91272614354491,-17.362950965731834,54.54494578556466,4.071227715793547,57.24179571771483
2145.702779904,4787.480509078045,-4200.037857937686,0.8989615736459707,3.271680855887303,0.37331485095255523,44.30536482115544,3.3929378912192774,44.30693755963754
2145.7075712,4787.5132987858615,-4200.219585531732,3.3623109368020425,2.2091035134154158,52.18201042979324,18.27820361678954,4.023092488213882,55.29064061802747
2145.71711104,4787.572411984341,-4200.38316648709,5.062317948321269,0.8599586454961912,65.12497246143957,2.548432212818936,5.134840979218276,65.17481526515128
2145.72151552,4787.340333273502,-4200.479670048062,5.700695916412906,-0.5296502816272379,74.32198402581038,-29.193990500886983,5.725247885658279,79.8501495984741
2145.733382656,4787.60850780981,-4200.984471892077,5.242794237238158,-3.5042352785032955,59.11083559615377,-130.29292551208226,6.306072969854116,143.07458657418002
2145.749737728,4788.2722226610995,-4201.270393517712,8.5543821216328,-7.938827486953684,105.87547670720885,-171.7121780722146,11.670579906350937,201.72924593693068
2145.760220928,4788.461933085619,-4201.117288876851,10.145713770501159,-8.362396677714187,111.30384748274275,-159.34473126359862,13.147820583974445,194.36895288582002
2145.764625408,4788.1037914434355,-4201.283510878492,10.543930465774057,-8.359209686646158,111.47905770217778,-145.2302210966257,13.455513972063546,183.0830342384031
2145.774293248,4787.811903899406,-4201.443147941942,9.42542590276041,-8.678782096255043,89.85988689805363,-134.8743958824708,12.812490473077588,162.06758447633027
2145.793205504,4787.76970360933,-4201.815245985632,6.651890815222686,-7.252448117670435,35.6354332590331,-95.38970280055138,9.841019008067475,101.82867721784724
2145.806194432,4788.167912154859,-4203.078884085924,5.375870703133943,-13.553131511451333,15.851573746185187,-215.38039670474296,14.580375838211747,215.9629312519239
2145.822582016,4788.061389001255,-4202.394780473597,6.819882022950528,-17.73921457083538,30.08346136843683,-218.09915121521098,19.00501313856694,220.16415332360918
2145.832214272,4787.617542984477,-4201.364810104394,5.198736983248493,-13.744595829421694,11.081148250434754,-156.9751920104069,14.69492363828924,157.36582460385807
2145.834773504,4787.584495289902,-4201.080983328649,3.021959093361831,-8.11638303393812,-73.86825140580014,75.3803657095157,8.660710728084089,105.54012554593076
2145.846407936,4787.490561168233,-4200.639009806207,1.2705285984524783,-2.934947608669254,-81.26390994012581,111.64560822277173,3.198149525134651,138.0889745569483
2145.850580224,4787.374038097214,-4201.57662097839,-0.23414347972412286,-0.4897458216450521,-108.89684737318343,158.38398241903025,0.5428389622310726,192.2082445024929
2145.864446208,4786.9546511259,-4202.317662717464,-3.29773043361742,-3.925881281420809,-138.51860767025852,67.51092355197824,5.127140513835839,154.09454717720564
2145.878861056,4787.008932393383,-4201.9112425888015,-6.348015735781515,-5.111962125927101,-155.40821372607843,43.600829901670004,8.150427016950882,161.40862821313127
2145.89233792,4787.46692603883,-4201.840977565563,-4.385601384751896,-2.371013528170065,-83.1973598912779,82.86209017257366,4.985499439043516,117.42200254060798
2145.902754304,4787.6449887814215,-4202.089715290921,-2.745143695019857,-2.35129492428622,-59.586793632422925,74.53765381906658,3.6144711545786907,95.4277098763455
2145.907441152,4787.350565795233,-4202.485768463173,-1.8144140258624684,-3.464477378210143,-34.22280305810263,42.66402834958315,3.9108441238914486,54.69387135838633
2145.917469696,4787.094285411641,-4202.860477600301,-2.074503879389208,-5.396717694057929,-33.57071815351253,18.814626486028672,5.781706341121002,38.483545667614194
2145.920935936,4787.280363547495,-4202.583485599582,-2.352804954186231,-6.7310889576924735,-38.85373837775573,-23.17895052726843,7.13044526721949,45.242421834740966
2145.933210112,4787.769010019272,-4202.187853311754,-0.6248529057047187,-5.626672841691496,38.368746383198314,31.350161880445985,5.661262087308473,49.54788944998931
2145.947979008,4787.324370692004,-4201.509560293876,1.9581362178179618,-1.8611758711491966,76.84145026229403,161.48838876571145,2.701531615746594,178.83821790813664
2145.960508928,4786.479321972497,-4200.943061617389,-0.3778442293877085,1.355617491955132,50.66148248740109,170.8761685379878,1.4072899652084192,178.22808640066825
2145.962715136,4786.157153288955,-4200.378938425818,-4.133097795391768,5.467072415296478,-124.71153756600013,340.6764884598107,6.853566821762808,362.7856631557859
2145.97482752,4785.670166924302,-4199.627437347015,-7.83667995791455,10.180858266822062,-143.0471916098035,345.83563065571724,12.847701265670006,374.2522978666791
2145.97742976,4786.486726446347,-4200.0911720303475,-9.3987986102987,13.468319767841267,-193.1912683763718,444.40434620712404,16.423551768292285,484.58032265523605
2145.990823168,4787.036185946392,-4199.850916371395,-5.250649346675491,14.44896446257189,-34.50827114072705,387.6350011865117,15.373415124896912,389.1679777705109
2146.005611008,4787.072521495795,-4199.930840122473,-2.793327067809027,16.670379833968852,21.406267320529864,354.6470288422152,16.90278793325379,355.29247578186767
2146.019172608,4787.296449887084,-4200.707137993114,-0.3148647714742393,11.00721016590842,101.21076785837202,73.87082973486369,11.011712648847736,125.30171194440439
2146.031123968,4787.4246115784235,-4200.958211511417,0.8785860098435374,7.72510941594627,101.04419992317399,39.956038910906074,7.774910215882528,108.65733009587616
2146.03364224,4787.226052023639,-4200.694089162866,1.4965871901469352,5.39011950901671,116.05236583081204,-54.49717852465671,5.594029097099374,128.21113088213883
2146.047414016,4787.227856819267,-4200.8911126192625,1.0239878817364376,3.4431213622915715,77.42453513989805,-113.47008403110361,3.592163122327777,137.36818631566416
2146.06461824,4787.55737669992,-4200.701140332046,2.1851750987364005,0.269129730958912,82.54798805174214,-128.89480665164686,2.2016859504079265,153.0622145180057
2146.076324096,4788.027037158092,-4199.846257958989,4.572535607473246,4.072575266043517,167.4715436378561,65.3055179954485,6.123230452890055,179.7540781431681
2146.090729728,4787.77708238796,-4199.986173407248,7.366372124710413,8.277637880163013,187.7970550830084,140.89870568715918,11.080736760469506,234.77687101196145
2146.1029184,4787.142603584151,-4200.504249700165,5.563081639569331,7.215663654637829,154.77583310161592,118.74625042928534,9.111184297629741,195.08006177801414
2146.10554752,4786.852886643482,-4200.5093583931875,2.4301485953704383,5.234679434513775,22.01237447878745,34.12007308897613,5.771264244314444,40.604482730253395
2146.118366976,4786.422697372306,-4201.091089627524,-3.790168882826256,1.4952072837591082,-200.50689959363473,-123.1037266186171,4.07443554148924,235.28184012380373
2146.1333696,4786.70991890798,-4202.317304079617,-6.878217561550358,-6.289371368751318,-223.07112644957203,-360.5322222279769,9.32019683472879,423.9625109843136
2146.147923968,4786.978970340609,-4202.411146905636,-4.126145581909517,-14.210806354805552,-78.087400294667,-525.5467836248529,14.79770572139118,531.3163500808229
2146.159750144,4786.831715919403,-4201.91515258536,-3.491653690491426,-14.045500230833188,-65.23606916946807,-472.79491657157536,14.472999766069837,477.2743213882416
2146.174659328,4787.442813481129,-4201.101843800004,-0.828315106149083,-8.11123918197721,-9.364393787254187,-293.6931731048003,8.153423022407036,293.84242681983307
2146.178088448,4787.124331798361,-4200.5678599100565,0.30683146799972993,-3.904325135688471,24.54295987826142,-143.60696151346633,3.916363149010018,145.68910829130692
2146.192410368,4787.023564518127,-4200.311364625078,-0.41647852018393416,4.592939445608868,5.631417565355038,24.026189717878765,4.6117835062808945,24.677330815039387
2146.205074944,4787.146569723369,-4201.4651836860485,0.4355771919629505,4.285951001898733,30.67306449452502,-37.86812369521711,4.308027794807629,48.732244742896405
2146.219117312,4787.561660540026,-4202.195031097733,1.4023424113298797,-4.053373049513164,105.42829326229413,-478.7220090628536,4.2891021574607135,490.1937239310344
2146.232036864,4788.088342853225,-4202.153598755394,3.4103544870687426,-6.351228560563484,110.53043471477879,-448.94248326336674,7.208926546718812,462.34871069022813
2146.233467136,4787.572535263719,-4201.980449132775,4.738250593358996,-7.152628367793959,192.60576355688974,-463.18764465090857,8.57969179243857,501.6370942350544
2146.245865728,4787.122065307567,-4201.876542488557,3.996192534492524,-7.0766952559654435,167.74370493787967,-416.8333459430784,8.127064077422892,449.319473021578
2146.249901312,4786.557843703482,-4201.627902237037,1.4675095477889077,-6.108542678254496,89.11740945549295,-352.8473799954593,6.282346530151629,363.92744639243415
2146.26004992,4786.011264589033,-4201.401156104651,-2.1259475084361306,-4.496595536571249,44.90751199002724,-302.2662198741582,4.973833956631269,305.58395296570694
2146.264549632,4786.242826344311,-4201.828622900479,-4.978526400561583,-3.6694406614676494,-23.27501147877907,-254.70424628299926,6.184700468827962,255.7654770173802
2146.276517376,4786.574767791023,-4201.497853946054,-5.976684109395516,-4.226398263390882,-27.936623498752585,-207.6061928611084,7.320054318397804,209.47741225916172
2146.290123264,4786.02557881948,-4200.342976183858,-5.524934618584819,2.212223245423874,-43.53476428477303,152.59360131259692,5.9513724658460685,158.68233317820395
2146.302700288,4785.236536932245,-4199.691114786618,-7.9098937597239,6.5189786887856815,-58.58150265038403,171.74980737758023,10.25004889914975,181.46566834256242
2146.306430464,4785.6979603887485,-4199.555348478382,-9.815605610356823,10.409027969735364,-106.04539850053852,260.8325320203461,14.307130277340786,281.5656873684769
2146.319373312,4786.070943088773,-4199.48230229361,-8.146843430215128,14.985934237839276,-19.52961383462572,332.26990325286425,17.05723549867571,332.8433481747793
2146.333790976,4786.08771726883,-4199.635751109288,-6.045472389893215,14.88426389675222,32.93572736981572,256.18801021524314,16.06515011337033,258.29645509651186
2146.347891456,4785.820596737341,-4199.777925953427,-5.020937443261544,12.404091537078719,39.21443507854225,144.18209658224976,13.381752488720364,149.41970717874668
2146.359887104,4785.528410976334,-4199.838288303703,-5.6589337301785,10.930347155498746,29.527724303113025,118.45709063959868,12.308371943611043,122.08181201685511
2146.362414336,4785.857469982392,-4200.345072748079,-5.880741174433763,8.616875901623034,15.737783319237396,20.80960741809193,10.432337564738422,26.090565051343244
2146.37418752,4786.153984026495,-4200.892357409703,-4.861812571948574,5.131817459487528,22.310075379568225,-10.108957244148478,7.069142233839847,24.49347831578925
